"Name","Length","DirectoryName","LastWriteTime"
"成本优化方案动态选择功能改进报告.md","18821","D:\Gihub\logix\docs\_archive_temp","2026/3/27 19:25:46"
"成本优化方案选择功能改进报告.md","9997","D:\Gihub\logix\docs\_archive_temp","2026/3/27 19:25:45"
"成本优化交互验证清单.md","18218","D:\Gihub\logix\docs\_archive_temp","2026/3/27 19:25:45"
"成本优化流程详细分析.md","24455","D:\Gihub\logix\docs\_archive_temp","2026/3/27 19:25:45"
"成本优化流程总结报告.md","11758","D:\Gihub\logix\docs\_archive_temp","2026/3/27 19:25:45"
"成本优化逻辑问题深度分析.md","16548","D:\Gihub\logix\docs\_archive_temp","2026/3/27 19:25:45"
"成本优化日期错误修复报告.md","11547","D:\Gihub\logix\docs\_archive_temp","2026/3/27 19:25:45"
"成本优化问题修复报告.md","9737","D:\Gihub\logix\docs\_archive_temp","2026/3/27 19:25:45"
"成本优化显示问题修复报告.md","8715","D:\Gihub\logix\docs\_archive_temp","2026/3/27 19:25:45"
"成本优化显示问题修复方案.md","10823","D:\Gihub\logix\docs\_archive_temp","2026/3/27 19:25:45"
"成本优化显示问题修复完成报告.md","11916","D:\Gihub\logix\docs\_archive_temp","2026/3/27 19:25:45"
"成本优化显示问题修复最终报告.md","16094","D:\Gihub\logix\docs\_archive_temp","2026/3/27 19:25:45"
"成本优化修复验证指南.md","6434","D:\Gihub\logix\docs\_archive_temp","2026/3/27 19:25:45"
"成本优化验证脚本.md","9215","D:\Gihub\logix\docs\_archive_temp","2026/3/27 19:25:45"
"代码清理与类型修复报告.md","8008","D:\Gihub\logix\docs\_archive_temp","2026/3/27 19:25:44"
"单柜优化分类策略设计.md","20319","D:\Gihub\logix\docs\_archive_temp","2026/3/27 19:25:45"
"单柜与批量优化方案评审报告.md","16355","D:\Gihub\logix\docs\_archive_temp","2026/3/27 19:25:45"
"单柜与批量优化逻辑复用分析.md","16993","D:\Gihub\logix\docs\_archive_temp","2026/3/27 19:25:45"
"单柜与批量优化实施成功报告.md","13092","D:\Gihub\logix\docs\_archive_temp","2026/3/27 19:25:45"
"单柜与批量优化实施进度报告.md","9993","D:\Gihub\logix\docs\_archive_temp","2026/3/27 19:25:45"
"单柜与批量优化实施完成报告.md","16367","D:\Gihub\logix\docs\_archive_temp","2026/3/27 19:25:45"
"第一阶段总结 - 精简计划.md","7927","D:\Gihub\logix\docs\_archive_temp","2026/3/24 17:35:25"
"第一阶段总结 - 精简进度报告 #1.md","7590","D:\Gihub\logix\docs\_archive_temp","2026/3/24 17:35:27"
"第一阶段总结 - 精简进度报告 #2.md","8152","D:\Gihub\logix\docs\_archive_temp","2026/3/24 17:35:29"
"第一阶段总结 - 整理完成报告.md","11549","D:\Gihub\logix\docs\_archive_temp","2026/3/24 17:35:31"
"第一阶段总结 - 整理完成报告（终稿）.md","9584","D:\Gihub\logix\docs\_archive_temp","2026/3/24 17:35:32"
"第一阶段总结 - 整理完成报告（最终版 v2）.md","9769","D:\Gihub\logix\docs\_archive_temp","2026/3/24 17:35:35"
"第一阶段总结 - 整理完成报告（最终版 v3）.md","9602","D:\Gihub\logix\docs\_archive_temp","2026/3/24 17:35:36"
"第一阶段总结 - 整理完成报告（最终版 v4）.md","9576","D:\Gihub\logix\docs\_archive_temp","2026/3/24 17:35:37"
"第一阶段总结 - 整理完成报告（最终版 v5）.md","10295","D:\Gihub\logix\docs\_archive_temp","2026/3/24 17:35:39"
"第一阶段总结 - 整理完成报告（最终版）.md","9398","D:\Gihub\logix\docs\_archive_temp","2026/3/24 17:35:34"
"第一阶段总结文档整理报告.md","6418","D:\Gihub\logix\docs\_archive_temp","2026/3/24 17:35:25"
"方案评审报告 - 智能排产成本优化.md","11704","D:\Gihub\logix\docs\_archive_temp","2026/3/27 19:25:44"
"飞驼原始数据双表方案评审报告.md","15749","D:\Gihub\logix\docs\_archive_temp","2026/3/26 17:32:09"
"后端数据修复报告 - 成本优化 breakdown 返回.md","14636","D:\Gihub\logix\docs\_archive_temp","2026/3/27 19:25:44"
"脚本快速参考卡片.md","11897","D:\Gihub\logix\docs\_archive_temp","2026/3/24 17:35:02"
"脚本使用指南.md","21220","D:\Gihub\logix\docs\_archive_temp","2026/3/24 17:34:55"
"脚本速查表.md","17262","D:\Gihub\logix\docs\_archive_temp","2026/3/24 17:34:56"
"紧急修复报告 - SchedulingVisual.vue 样式重复问题.md","7363","D:\Gihub\logix\docs\_archive_temp","2026/3/27 19:25:44"
"开发范式案例库.md","9225","D:\Gihub\logix\docs\_archive_temp","2026/3/29 11:04:11"
"开发范式持续改进机制.md","10743","D:\Gihub\logix\docs\_archive_temp","2026/3/29 11:04:11"
"开发范式培训计划.md","8954","D:\Gihub\logix\docs\_archive_temp","2026/3/29 11:04:11"
"快速指南.md","10319","D:\Gihub\logix\docs\_archive_temp","2026/3/24 17:34:50"
"类型通用化修复报告 - CostTrendChart.md","12712","D:\Gihub\logix\docs\_archive_temp","2026/3/27 19:25:44"
"批量成本优化策略对比.md","7465","D:\Gihub\logix\docs\_archive_temp","2026/3/27 19:25:45"
"深度分析 - 智能排产成本优化功能重构方案.md","53022","D:\Gihub\logix\docs\_archive_temp","2026/3/27 13:32:54"
"实施进度报告 #1 - OptimizationResultCard 组件完成.md","10716","D:\Gihub\logix\docs\_archive_temp","2026/3/27 19:25:44"
"实施进度报告 #2 - SchedulingVisual.vue 重构完成.md","13663","D:\Gihub\logix\docs\_archive_temp","2026/3/27 19:25:44"
"实施进度报告 #3 - SchedulingPreviewModal.vue 重构完成.md","12489","D:\Gihub\logix\docs\_archive_temp","2026/3/27 19:25:44"
"数据库迁移执行指南.md","34332","D:\Gihub\logix\docs\_archive_temp","2026/3/26 17:32:09"
"文档整理完成报告.md","17162","D:\Gihub\logix\docs\_archive_temp","2026/3/24 17:34:50"
"修复报告 - 优化功能仓库代码获取逻辑修复.md","10043","D:\Gihub\logix\docs\_archive_temp","2026/3/27 13:32:54"
"修复报告-仓库代码提取与列宽对齐优化.md","10243","D:\Gihub\logix\docs\_archive_temp","2026/3/27 11:20:43"
"修复报告-计划日期列缺少卸柜日期.md","6635","D:\Gihub\logix\docs\_archive_temp","2026/3/27 11:20:43"
"修复报告-优化功能缺少必要参数.md","8072","D:\Gihub\logix\docs\_archive_temp","2026/3/27 11:20:43"
"修复报告-Van 图标导入错误.md","5324","D:\Gihub\logix\docs\_archive_temp","2026/3/27 11:20:43"
"一屏全览布局优化报告.md","14299","D:\Gihub\logix\docs\_archive_temp","2026/3/27 19:25:44"
"优化报告-费用明细显示优化.md","7130","D:\Gihub\logix\docs\_archive_temp","2026/3/27 11:20:43"
"优化报告-列宽调整与仓库代码获取优化.md","9379","D:\Gihub\logix\docs\_archive_temp","2026/3/27 11:20:43"
"优化结果 UI 修复报告 - 数据与布局优化.md","12336","D:\Gihub\logix\docs\_archive_temp","2026/3/27 19:25:44"
"预警系统排查步骤.md","5181","D:\Gihub\logix\docs\_archive_temp","2026/3/13 11:37:37"
"预警系统诊断指南.md","9751","D:\Gihub\logix\docs\_archive_temp","2026/3/13 11:37:37"
"智能排产成本优化 - 实施清单.md","27369","D:\Gihub\logix\docs\_archive_temp","2026/3/27 19:25:44"
"智能排产优化功能实施报告.md","10451","D:\Gihub\logix\docs\_archive_temp","2026/3/27 11:20:43"
"智能排柜全流程说明.md","46155","D:\Gihub\logix\docs\_archive_temp","2026/3/27 19:25:45"
"智能批量成本优化方案设计.md","24315","D:\Gihub\logix\docs\_archive_temp","2026/3/27 19:25:44"
"重构分析 - 智能排产成本优化功能整合.md","22392","D:\Gihub\logix\docs\_archive_temp","2026/3/27 13:32:53"
"最终测试验证报告 - 智能排产成本优化功能.md","12815","D:\Gihub\logix\docs\_archive_temp","2026/3/27 19:25:44"
"ARCHIVE_MANIFEST.md","12344","D:\Gihub\logix\docs\_archive_temp","2026/3/24 17:34:49"
"DOCUMENT_INDEX.md","14908","D:\Gihub\logix\docs\_archive_temp","2026/3/28 8:44:51"
"ECharts 图表溢出问题修复报告.md","9819","D:\Gihub\logix\docs\_archive_temp","2026/3/27 19:25:45"
"LogiX项目文档整理完成报告.md","13087","D:\Gihub\logix\docs\_archive_temp","2026/3/24 17:35:23"
"README-文档使用说明.md","9612","D:\Gihub\logix\docs\_archive_temp","2026/3/24 17:34:48"
"shipments-gantt-switch-analysis.md","23846","D:\Gihub\logix\docs\_archive_temp","2026/3/13 16:40:52"
"Task 2.1 实施报告 - batch-schedule 集成成本优化建议.md","11560","D:\Gihub\logix\docs\_archive_temp","2026/3/27 19:25:44"
"Task 2.2 实施报告 - 前端显示优化建议 UI（部分完成）.md","9589","D:\Gihub\logix\docs\_archive_temp","2026/3/27 19:25:44"
"Task 2.2 完成报告 - 前端显示优化建议 UI（100% 完成）.md","10012","D:\Gihub\logix\docs\_archive_temp","2026/3/27 19:25:44"
"Task 3.1 完成报告 - 集成 ECharts.md","10499","D:\Gihub\logix\docs\_archive_temp","2026/3/27 19:25:45"
"Task 3.2 完成报告 - 集成到 OptimizationResultCard.md","11730","D:\Gihub\logix\docs\_archive_temp","2026/3/27 19:25:44"
"TimescaleDB 测试速查卡.md","6414","D:\Gihub\logix\docs\_archive_temp","2026/3/24 17:35:19"
"TimescaleDB 测试指南.md","3761","D:\Gihub\logix\docs\_archive_temp","2026/3/24 17:35:19"
"TimescaleDB 迁移 - 紧急修复指南.md","7393","D:\Gihub\logix\docs\_archive_temp","2026/3/24 17:35:12"
"TimescaleDB 迁移 - 冒烟测试报告.md","8519","D:\Gihub\logix\docs\_archive_temp","2026/3/24 17:35:18"
"TimescaleDB 迁移 - 文档更新记录.md","8954","D:\Gihub\logix\docs\_archive_temp","2026/3/24 17:35:18"
"TimescaleDB 迁移成功报告.md","9524","D:\Gihub\logix\docs\_archive_temp","2026/3/24 17:35:15"
"TimescaleDB 迁移问题诊断.md","9567","D:\Gihub\logix\docs\_archive_temp","2026/3/24 17:35:04"
"TimescaleDB 迁移执行清单.md","11867","D:\Gihub\logix\docs\_archive_temp","2026/3/24 17:35:08"
"TimescaleDB 迁移指南.md","7948","D:\Gihub\logix\docs\_archive_temp","2026/3/24 17:35:03"
"TimescaleDB 迁移最终方案.md","10177","D:\Gihub\logix\docs\_archive_temp","2026/3/24 17:35:05"
"TimescaleDB 文档精简说明.md","9011","D:\Gihub\logix\docs\_archive_temp","2026/3/24 17:35:20"
"TimescaleDB 文档精简完成报告.md","9418","D:\Gihub\logix\docs\_archive_temp","2026/3/24 17:35:21"
"TypeORM-NamingStrategy-Issue.md","4938","D:\Gihub\logix\docs\_archive_temp","2026/3/6 18:38:52"
"TypeORM-SnakeNamingStrategy-Investigation.md","6919","D:\Gihub\logix\docs\_archive_temp","2026/3/6 18:41:01"
"UI 更新修复报告 - SchedulingVisual 集成 OptimizationResultCard.md","17265","D:\Gihub\logix\docs\_archive_temp","2026/3/27 19:25:45"
"01-外部数据集成指南.md","14416","D:\Gihub\logix\docs\_archive_temp\04-api","2026/3/8 15:54:15"
"02-外部数据快速开始.md","9439","D:\Gihub\logix\docs\_archive_temp\04-api","2026/2/28 11:47:07"
"03-feituo-integration-complete.md","41643","D:\Gihub\logix\docs\_archive_temp\04-api-integration","2026/3/16 11:40:02"
"01-性能优化决策.md","9490","D:\Gihub\logix\docs\_archive_temp\07-performance","2026/2/28 13:51:33"
"02-性能优化指南.md","16970","D:\Gihub\logix\docs\_archive_temp\07-performance","2026/2/28 13:50:18"
"03-性能优化实现.md","8826","D:\Gihub\logix\docs\_archive_temp\07-performance","2026/2/28 13:58:33"
"01-TimescaleDB指南.md","17259","D:\Gihub\logix\docs\_archive_temp\08-deployment","2026/2/24 14:09:21"
"02-TimescaleDB快速参考.md","4030","D:\Gihub\logix\docs\_archive_temp\08-deployment","2026/2/24 14:10:10"
"03-监控用户指南.md","8791","D:\Gihub\logix\docs\_archive_temp\08-deployment","2026/2/28 14:07:54"
"04-监控真实数据指南.md","6316","D:\Gihub\logix\docs\_archive_temp\08-deployment","2026/2/28 14:07:48"
"java-container-planning-algorithm.md","14663","D:\Gihub\logix\docs\_archive_temp\analysis","2026/3/17 13:13:34"
"pickup-date-calculation-analysis.md","16885","D:\Gihub\logix\docs\_archive_temp\analysis","2026/3/17 13:45:32"
"车队数据架构优化方案.md","7088","D:\Gihub\logix\docs\_archive_temp\Database","2026/3/20 18:57:00"
"车队数据架构优化实施报告.md","8130","D:\Gihub\logix\docs\_archive_temp\Database","2026/3/20 18:57:00"
"DICT_TABLE_RELATIONSHIPS_GUIDE.md","32018","D:\Gihub\logix\docs\_archive_temp\Database","2026/3/25 16:52:06"
"01-calculation-modes-complete.md","9562","D:\Gihub\logix\docs\_archive_temp\demurrage-old","2026/3/23 11:23:28"
"01-DEMURRAGE_LOGIC_FROM_CONTAINER_SYSTEM.md","14039","D:\Gihub\logix\docs\_archive_temp\demurrage-old","2026/3/23 11:23:28"
"02-CONTAINER_SCHEDULING_AND_COST_OPTIMIZATION_PLAN.md","21396","D:\Gihub\logix\docs\_archive_temp\demurrage-old","2026/3/8 7:49:56"
"03-DEMURRAGE_DATABASE_STATUS.md","8235","D:\Gihub\logix\docs\_archive_temp\demurrage-old","2026/3/8 7:50:33"
"03-SHIPMENTS_STATS_USE_COMPUTED_DATES.md","9268","D:\Gihub\logix\docs\_archive_temp\demurrage-old","2026/3/8 22:04:40"
"04-DEMURRAGE_STANDARDS_EXCEL_IMPORT.md","11317","D:\Gihub\logix\docs\_archive_temp\demurrage-old","2026/3/8 18:23:38"
"04-DEMURRAGE_UI_AND_TROUBLESHOOTING.md","1479","D:\Gihub\logix\docs\_archive_temp\demurrage-old","2026/3/22 7:57:19"
"05-DEMURRAGE_DATA_CALIBER_UNIFICATION.md","8733","D:\Gihub\logix\docs\_archive_temp\demurrage-old","2026/3/8 17:25:27"
"05-DOC_VS_CODE_CONSISTENCY.md","3257","D:\Gihub\logix\docs\_archive_temp\demurrage-old","2026/3/23 11:23:29"
"06-DEMURRAGE_AGGREGATION_AND_ALERT_VISUALIZATION.md","10761","D:\Gihub\logix\docs\_archive_temp\demurrage-old","2026/3/8 22:28:41"
"06-frontend-adaptation-complete.md","17102","D:\Gihub\logix\docs\_archive_temp\demurrage-old","2026/3/16 11:38:13"
"07-DEMURRAGE_TOP_CONTAINERS_OPTIMIZATION.md","2507","D:\Gihub\logix\docs\_archive_temp\demurrage-old","2026/3/11 11:22:48"
"08-DEMURRAGE_CALCULATION_MODES-CODE-REVIEW.md","5306","D:\Gihub\logix\docs\_archive_temp\demurrage-old","2026/3/12 9:13:28"
"08-DEMURRAGE_CALCULATION_MODES.md","11273","D:\Gihub\logix\docs\_archive_temp\demurrage-old","2026/3/22 16:56:01"
"09-FRONTEND_MODE_ADAPTATION.md","6837","D:\Gihub\logix\docs\_archive_temp\demurrage-old","2026/3/11 17:10:35"
"10-MODE_FIX_SUMMARY.md","9132","D:\Gihub\logix\docs\_archive_temp\demurrage-old","2026/3/11 17:14:19"
"11-LAST_PICKUP_DATE_LABEL_UPDATE.md","7940","D:\Gihub\logix\docs\_archive_temp\demurrage-old","2026/3/11 17:17:13"
"12-BUSINESS_RULES_CODE_VERIFICATION.md","4332","D:\Gihub\logix\docs\_archive_temp\demurrage-old","2026/3/22 18:54:38"
"13-DEMURRAGE_CALCULATION_LOGIC_FINAL.md","9275","D:\Gihub\logix\docs\_archive_temp\demurrage-old","2026/3/22 19:19:06"
"14-TIMELINE_METRICS_MINIMAL_PLAN.md","7792","D:\Gihub\logix\docs\_archive_temp\demurrage-old","2026/3/22 19:49:30"
"ARCHIVED_CALC_MODES.md","874","D:\Gihub\logix\docs\_archive_temp\demurrage-old","2026/3/16 11:38:12"
"README.md","1943","D:\Gihub\logix\docs\_archive_temp\demurrage-old","2026/3/22 19:39:26"
"99-ARCHIVED_INDEX.md","9684","D:\Gihub\logix\docs\_archive_temp\frontend-old-docs","2026/3/16 11:42:59"
"成本优化理念升级说明.md","11323","D:\Gihub\logix\docs\_archive_temp\frontend-old-docs","2026/3/20 17:37:07"
"免费天数基准组合模式验证.md","15252","D:\Gihub\logix\docs\_archive_temp\frontend-old-docs","2026/3/20 17:37:07"
"日期计算逻辑修正说明.md","15114","D:\Gihub\logix\docs\_archive_temp\frontend-old-docs","2026/3/20 17:37:07"
"性能优化实战指南.md","22175","D:\Gihub\logix\docs\_archive_temp\frontend-old-docs","2026/3/20 17:37:07"
"智能排柜功能完整文档.md","27107","D:\Gihub\logix\docs\_archive_temp\frontend-old-docs","2026/3/20 17:37:07"
"智能排柜实现差距分析-对比 ContainerPlanning-0913.md","26628","D:\Gihub\logix\docs\_archive_temp\frontend-old-docs","2026/3/20 17:37:07"
"智能排柜系统测试指南.md","34137","D:\Gihub\logix\docs\_archive_temp\frontend-old-docs","2026/3/20 17:37:07"
"智能排柜系统成本优化策略.md","21413","D:\Gihub\logix\docs\_archive_temp\frontend-old-docs","2026/3/20 17:37:07"
"智能排柜系统开发进度总结.md","18283","D:\Gihub\logix\docs\_archive_temp\frontend-old-docs","2026/3/17 14:42:52"
"智能排柜系统开发与优化方案.md","23485","D:\Gihub\logix\docs\_archive_temp\frontend-old-docs","2026/3/20 17:37:07"
"智能排柜系统文档索引.md","13469","D:\Gihub\logix\docs\_archive_temp\frontend-old-docs","2026/3/20 17:37:07"
"智能排柜系统重构与优化方案 - 评审报告.md","18698","D:\Gihub\logix\docs\_archive_temp\frontend-old-docs","2026/3/20 17:37:07"
"智能排柜系统重构与优化方案 - 实施计划更新.md","6352","D:\Gihub\logix\docs\_archive_temp\frontend-old-docs","2026/3/21 6:30:14"
"智能排柜系统重构与优化方案 - 实施摘要.md","13878","D:\Gihub\logix\docs\_archive_temp\frontend-old-docs","2026/3/23 8:10:07"
"智能排柜系统重构与优化方案-评审报告.md","9274","D:\Gihub\logix\docs\_archive_temp\frontend-old-docs","2026/3/23 8:10:07"
"智能排柜系统重构与优化方案.md","36575","D:\Gihub\logix\docs\_archive_temp\frontend-old-docs","2026/3/23 8:10:07"
"智能排柜系统综合开发实施总纲.md","20559","D:\Gihub\logix\docs\_archive_temp\frontend-old-docs","2026/3/20 17:37:07"
"智能排柜最终方案-综合版.md","9579","D:\Gihub\logix\docs\_archive_temp\frontend-old-docs","2026/3/18 9:02:01"
"滞港费计算逻辑与代码实现差异分析.md","30633","D:\Gihub\logix\docs\_archive_temp\frontend-old-docs","2026/3/20 17:37:07"
"BATCH_ARCHIVE_CHECKLIST.md","4526","D:\Gihub\logix\docs\_archive_temp\frontend-old-docs","2026/3/16 11:38:12"
"ContainerPlanning-0913 算法解读与三大洞察分析.md","21149","D:\Gihub\logix\docs\_archive_temp\frontend-old-docs","2026/3/20 17:37:07"
"Detention-Charge 滞箱费计算逻辑验证.md","11264","D:\Gihub\logix\docs\_archive_temp\frontend-old-docs","2026/3/20 17:37:07"
"DOCUMENT_REORGANIZATION_PLAN.md","19631","D:\Gihub\logix\docs\_archive_temp\frontend-old-docs","2026/3/16 11:12:23"
"FINAL_REPORT.md","11136","D:\Gihub\logix\docs\_archive_temp\frontend-old-docs","2026/3/16 11:47:10"
"GLOBAL_COUNTRY_FILTER_DESIGN.md","6351","D:\Gihub\logix\docs\_archive_temp\frontend-old-docs","2026/3/15 7:05:24"
"Phase1 实施完成报告.md","9704","D:\Gihub\logix\docs\_archive_temp\frontend-old-docs","2026/3/20 17:37:07"
"Phase1 完成确认报告.md","7403","D:\Gihub\logix\docs\_archive_temp\frontend-old-docs","2026/3/20 17:37:08"
"Phase1-SQL 幂等性修复说明.md","3958","D:\Gihub\logix\docs\_archive_temp\frontend-old-docs","2026/3/20 17:37:08"
"Phase2 实施进度报告.md","5403","D:\Gihub\logix\docs\_archive_temp\frontend-old-docs","2026/3/20 17:37:08"
"Phase2 实施完成报告.md","8377","D:\Gihub\logix\docs\_archive_temp\frontend-old-docs","2026/3/21 6:30:14"
"Phase2 完成报告.md","11225","D:\Gihub\logix\docs\_archive_temp\frontend-old-docs","2026/3/20 17:37:08"
"Phase3 实施方案.md","12754","D:\Gihub\logix\docs\_archive_temp\frontend-old-docs","2026/3/20 17:37:08"
"Phase3 实施进度报告.md","12749","D:\Gihub\logix\docs\_archive_temp\frontend-old-docs","2026/3/20 17:37:08"
"Phase3 实施准备清单.md","16931","D:\Gihub\logix\docs\_archive_temp\frontend-old-docs","2026/3/20 17:37:08"
"Phase3-任务 3.1 完成报告.md","8781","D:\Gihub\logix\docs\_archive_temp\frontend-old-docs","2026/3/20 17:37:08"
"Phase3-任务 3.2&3.3 完成报告.md","11619","D:\Gihub\logix\docs\_archive_temp\frontend-old-docs","2026/3/20 17:37:08"
"Phase3-任务 3.4 完成报告.md","11820","D:\Gihub\logix\docs\_archive_temp\frontend-old-docs","2026/3/20 17:37:08"
"README-智能排柜快速入门.md","9373","D:\Gihub\logix\docs\_archive_temp\frontend-old-docs","2026/3/20 17:37:07"
"时间概念说明-历时倒计时超期.md","16776","D:\Gihub\logix\docs\_archive_temp\help-old","2026/3/12 11:20:08"
"scheduling-database-changes-summary.md","11752","D:\Gihub\logix\docs\_archive_temp\implementation-old","2026/3/17 13:45:32"
"scheduling-enhancement-summary.md","15530","D:\Gihub\logix\docs\_archive_temp\implementation-old","2026/3/17 14:19:03"
"scheduling-final-verification.md","12000","D:\Gihub\logix\docs\_archive_temp\implementation-old","2026/3/17 14:19:03"
"scheduling-migration-execution-guide.md","8146","D:\Gihub\logix\docs\_archive_temp\implementation-old","2026/3/17 14:19:01"
"关键日期显示逻辑说明.md","9556","D:\Gihub\logix\docs\_archive_temp\logistics-old","2026/3/11 17:27:35"
"物流节点历时与超期标签说明.md","7682","D:\Gihub\logix\docs\_archive_temp\logistics-old","2026/3/11 17:24:32"
"01-Excel导入指南.md","4375","D:\Gihub\logix\docs\_archive_temp\misc-old","2026/2/28 11:47:07"
"02-核心映射参考.md","16053","D:\Gihub\logix\docs\_archive_temp\misc-old","2026/2/26 19:22:17"
"03-海关查验状态.md","6693","D:\Gihub\logix\docs\_archive_temp\misc-old","2026/3/8 15:54:15"
"04-字典映射设置.md","4352","D:\Gihub\logix\docs\_archive_temp\misc-old","2026/3/7 20:57:38"
"05-通用字典映射指南.md","17366","D:\Gihub\logix\docs\_archive_temp\misc-old","2026/2/27 11:39:17"
"06-按到港统计分类完整文档.md","11357","D:\Gihub\logix\docs\_archive_temp\misc-old","2026/3/5 14:14:48"
"07-文档传输日期类型变更.md","2737","D:\Gihub\logix\docs\_archive_temp\misc-old","2026/2/28 11:47:07"
"08-运费金额导入修复.md","4256","D:\Gihub\logix\docs\_archive_temp\misc-old","2026/2/28 11:47:07"
"09-实现时间修复指南.md","6763","D:\Gihub\logix\docs\_archive_temp\misc-old","2026/2/28 11:47:07"
"10-导入映射修复总结.md","9247","D:\Gihub\logix\docs\_archive_temp\misc-old","2026/2/26 20:08:21"
"11-时间戳迁移完成.md","5976","D:\Gihub\logix\docs\_archive_temp\misc-old","2026/2/26 20:26:15"
"12-货柜表格绑定.md","5250","D:\Gihub\logix\docs\_archive_temp\misc-old","2026/3/7 10:44:02"
"13-货柜表格计划.md","7514","D:\Gihub\logix\docs\_archive_temp\misc-old","2026/3/7 17:55:42"
"14-货柜页面逻辑与故障排除.md","11198","D:\Gihub\logix\docs\_archive_temp\misc-old","2026/3/7 11:12:56"
"15-语法高亮测试.md","2798","D:\Gihub\logix\docs\_archive_temp\misc-old","2026/2/28 13:14:53"
"16-数据来源流程与变更日志方案.md","8145","D:\Gihub\logix\docs\_archive_temp\misc-old","2026/3/23 8:10:07"
"17-飞驼API与Excel导入字段对齐.md","6596","D:\Gihub\logix\docs\_archive_temp\misc-old","2026/3/23 8:10:07"
"18-Excel列名与导入映射对照.md","3506","D:\Gihub\logix\docs\_archive_temp\misc-old","2026/3/11 11:38:06"
"19-飞驼导出字段与导入映射对照.md","7172","D:\Gihub\logix\docs\_archive_temp\misc-old","2026/3/23 8:10:07"
"20-飞驼Excel字段分组对照验证.md","4670","D:\Gihub\logix\docs\_archive_temp\misc-old","2026/3/23 8:10:07"
"仓库手工指定功能 - 测试指南.md","11324","D:\Gihub\logix\docs\_archive_temp\Phase3","2026/3/26 15:12:00"
"仓库手工指定功能 - 紧急修复报告.md","8671","D:\Gihub\logix\docs\_archive_temp\Phase3","2026/3/26 15:12:00"
"仓库手工指定功能 - 设计方案.md","23432","D:\Gihub\logix\docs\_archive_temp\Phase3","2026/3/26 15:12:00"
"仓库手工指定功能 - 实施报告.md","10820","D:\Gihub\logix\docs\_archive_temp\Phase3","2026/3/26 15:12:00"
"仓库手工指定功能 - 完成报告.md","14747","D:\Gihub\logix\docs\_archive_temp\Phase3","2026/3/26 15:11:59"
"车队 partnership_level 字段迁移完成报告.md","7466","D:\Gihub\logix\docs\_archive_temp\Phase3","2026/3/26 17:36:41"
"车队 partnership_level 字段迁移指南.md","6472","D:\Gihub\logix\docs\_archive_temp\Phase3","2026/3/26 16:22:50"
"车队关系类型确定方案.md","11609","D:\Gihub\logix\docs\_archive_temp\Phase3","2026/3/26 16:22:50"
"车队选择优化方案 - 多目标平衡策略.md","22962","D:\Gihub\logix\docs\_archive_temp\Phase3","2026/3/26 15:12:00"
"车队选择优化方案 - 实施进度报告.md","11513","D:\Gihub\logix\docs\_archive_temp\Phase3","2026/3/26 16:22:50"
"车队选择优化方案 - 实施总结报告.md","11928","D:\Gihub\logix\docs\_archive_temp\Phase3","2026/3/26 16:22:50"
"车队选择优化方案 - Phase 2 完成报告.md","14241","D:\Gihub\logix\docs\_archive_temp\Phase3","2026/3/26 16:22:50"
"车队选择优化方案 - Phase 3 测试与优化指南.md","11255","D:\Gihub\logix\docs\_archive_temp\Phase3","2026/3/26 16:22:50"
"成本集成-unloadDate 重命名-plannedPickupDate.md","13909","D:\Gihub\logix\docs\_archive_temp\Phase3","2026/3/26 19:24:42"
"成本计算 - 所有费用项完整清单.md","17178","D:\Gihub\logix\docs\_archive_temp\Phase3","2026/3/26 8:55:07"
"成本计算统一方案-Phase1.1 实施记录.md","19311","D:\Gihub\logix\docs\_archive_temp\Phase3","2026/3/25 19:18:29"
"成本计算统一方案-Phase1.2 实施总结.md","9574","D:\Gihub\logix\docs\_archive_temp\Phase3","2026/3/25 19:15:47"
"成本计算统一方案-Phase1.2-1.3 实施记录.md","6417","D:\Gihub\logix\docs\_archive_temp\Phase3","2026/3/28 21:28:00"
"成本计算统一方案-Phase1.3 实施总结.md","13842","D:\Gihub\logix\docs\_archive_temp\Phase3","2026/3/25 19:18:59"
"成本计算统一方案-Phase2 实施总结.md","14751","D:\Gihub\logix\docs\_archive_temp\Phase3","2026/3/26 8:19:45"
"成本计算统一方案-Phase4 实施总结.md","11377","D:\Gihub\logix\docs\_archive_temp\Phase3","2026/3/26 8:39:15"
"成本优化 - 免费期字段完整分析.md","12190","D:\Gihub\logix\docs\_archive_temp\Phase3","2026/3/26 19:24:42"
"成本优化-P2P3 功能实现.md","12481","D:\Gihub\logix\docs\_archive_temp\Phase3","2026/3/26 19:24:42"
"成本优化快速参考卡.md","6579","D:\Gihub\logix\docs\_archive_temp\Phase3","2026/3/26 19:24:42"
"成本在排产中的集成与运用 - 影响分析.md","37116","D:\Gihub\logix\docs\_archive_temp\Phase3","2026/3/26 10:21:59"
"堆存费概念澄清与命名规范.md","13403","D:\Gihub\logix\docs\_archive_temp\Phase3","2026/3/25 19:53:35"
"飞驼导入-actual_loading_date 字段修复说明.md","9688","D:\Gihub\logix\docs\_archive_temp\Phase3","2026/3/25 16:52:06"
"费用概念澄清与完整实施记录.md","8491","D:\Gihub\logix\docs\_archive_temp\Phase3","2026/3/28 21:28:00"
"费用明细显示问题修复 - $1710 是什么费用.md","13957","D:\Gihub\logix\docs\_archive_temp\Phase3","2026/3/26 10:21:59"
"费用项前端显示优化 - 阶段一实施报告.md","13895","D:\Gihub\logix\docs\_archive_temp\Phase3","2026/3/26 10:21:59"
"费用项前端显示优化 - 完整总结.md","18449","D:\Gihub\logix\docs\_archive_temp\Phase3","2026/3/26 10:21:59"
"费用项前端显示优化 - 用户使用指南.md","7437","D:\Gihub\logix\docs\_archive_temp\Phase3","2026/3/26 10:21:59"
"费用项全面验证 - 总结报告.md","13551","D:\Gihub\logix\docs\_archive_temp\Phase3","2026/3/26 8:56:07"
"甘特图模块完整文档.md","16701","D:\Gihub\logix\docs\_archive_temp\Phase3","2026/3/24 17:34:44"
"甘特图圆点生命周期完整说明.md","14140","D:\Gihub\logix\docs\_archive_temp\Phase3","2026/3/25 16:52:06"
"港口过滤功能 - 快速测试指南.md","10093","D:\Gihub\logix\docs\_archive_temp\Phase3","2026/3/26 17:36:41"
"公共组件与可复用逻辑清单.md","31988","D:\Gihub\logix\docs\_archive_temp\Phase3","2026/3/28 8:44:51"
"功能改进 - Excel 导入添加确认按钮.md","12323","D:\Gihub\logix\docs\_archive_temp\Phase3","2026/3/20 17:37:09"
"还箱日计算算法修复 - 车队还箱能力约束.md","13093","D:\Gihub\logix\docs\_archive_temp\Phase3","2026/3/26 14:02:56"
"还箱日计算算法优化 - Drop off 模式优先级调整与排产逻辑架构分析.md","12347","D:\Gihub\logix\docs\_archive_temp\Phase3","2026/3/26 14:02:56"
"还箱日算法 - 测试验证方案.md","23326","D:\Gihub\logix\docs\_archive_temp\Phase3","2026/3/26 15:11:59"
"还箱日算法 - 测试优化套件总览.md","9691","D:\Gihub\logix\docs\_archive_temp\Phase3","2026/3/26 15:11:59"
"还箱日算法 - 批量查询优化方案.md","10606","D:\Gihub\logix\docs\_archive_temp\Phase3","2026/3/26 15:11:59"
"还箱日算法 - 完整实施指南.md","11716","D:\Gihub\logix\docs\_archive_temp\Phase3","2026/3/26 15:12:00"
"货币符号显示修复.md","5712","D:\Gihub\logix\docs\_archive_temp\Phase3","2026/3/26 11:20:56"
"计划提柜日过期问题修复.md","11223","D:\Gihub\logix\docs\_archive_temp\Phase3","2026/3/26 13:06:47"
"界面优化 - 日历能力组件布局调整.md","15335","D:\Gihub\logix\docs\_archive_temp\Phase3","2026/3/20 17:37:09"
"金额汇总拼接问题修复.md","7720","D:\Gihub\logix\docs\_archive_temp\Phase3","2026/3/26 11:20:56"
"跨国时区问题修复 - UTC 纯日期比较.md","7610","D:\Gihub\logix\docs\_archive_temp\Phase3","2026/3/26 14:02:57"
"免费日更新 - 日期计算逻辑一致性验证.md","18866","D:\Gihub\logix\docs\_archive_temp\Phase3","2026/3/26 9:10:03"
"免费日更新功能 - 三种逻辑对比分析.md","26378","D:\Gihub\logix\docs\_archive_temp\Phase3","2026/3/26 9:02:42"
"免费日更新问题深度分析-SKILL 验证.md","19228","D:\Gihub\logix\docs\_archive_temp\Phase3","2026/3/26 9:15:32"
"排产 ETA 顺延功能 - 设计变更总结.md","6860","D:\Gihub\logix\docs\_archive_temp\Phase3","2026/3/26 13:06:47"
"排产结果 TAB 界面优化报告.md","13464","D:\Gihub\logix\docs\_archive_temp\Phase3","2026/3/26 17:36:41"
"排产日期修复总结.md","7319","D:\Gihub\logix\docs\_archive_temp\Phase3","2026/3/26 13:06:47"
"排产时区问题修复总结.md","11504","D:\Gihub\logix\docs\_archive_temp\Phase3","2026/3/26 14:02:57"
"排产视觉组件重构 - 微组件化架构.md","10416","D:\Gihub\logix\docs\_archive_temp\Phase3","2026/3/26 17:36:41"
"排产组件重构 - 快速迁移指南.md","5716","D:\Gihub\logix\docs\_archive_temp\Phase3","2026/3/26 17:36:41"
"排柜中成本参与决策的方式与逻辑分析.md","41034","D:\Gihub\logix\docs\_archive_temp\Phase3","2026/3/28 8:44:51"
"前端货币显示 SKILL 规范.md","9060","D:\Gihub\logix\docs\_archive_temp\Phase3","2026/3/26 11:20:56"
"前端货币显示与总费用修复.md","7014","D:\Gihub\logix\docs\_archive_temp\Phase3","2026/3/26 11:20:56"
"清关日期解析失败修复 - Date 类型处理.md","5665","D:\Gihub\logix\docs\_archive_temp\Phase3","2026/3/26 14:02:57"
"日历能力组件改进 - 支持仓库车队分别管理.md","17683","D:\Gihub\logix\docs\_archive_temp\Phase3","2026/3/20 17:37:09"
"日历能力组件改进 v2 - 按国别 + 资源维度.md","18178","D:\Gihub\logix\docs\_archive_temp\Phase3","2026/3/20 17:37:09"
"日期验证全面修复 - 防御式编程实践.md","10957","D:\Gihub\logix\docs\_archive_temp\Phase3","2026/3/26 14:02:57"
"删除 PreviewResult.lastFreeDate-修复报告.md","15936","D:\Gihub\logix\docs\_archive_temp\Phase3","2026/3/26 19:24:42"
"时区问题修复 - 提柜日显示为过去日期.md","10383","D:\Gihub\logix\docs\_archive_temp\Phase3","2026/3/26 14:02:57"
"手工指定仓库优化 - 实施完成报告.md","14732","D:\Gihub\logix\docs\_archive_temp\Phase3","2026/3/26 17:36:41"
"手工指定仓库优化 - 需求分析.md","19051","D:\Gihub\logix\docs\_archive_temp\Phase3","2026/3/26 17:36:41"
"数据导入系统完整文档.md","23655","D:\Gihub\logix\docs\_archive_temp\Phase3","2026/3/24 17:34:41"
"数据库与 API 完整文档.md","23144","D:\Gihub\logix\docs\_archive_temp\Phase3","2026/3/24 17:34:45"
"送仓日倒挂问题修复 - UTC 日期计算.md","6151","D:\Gihub\logix\docs\_archive_temp\Phase3","2026/3/26 14:02:56"
"提柜日调整为明天 - 业务规则修复.md","5600","D:\Gihub\logix\docs\_archive_temp\Phase3","2026/3/26 14:02:57"
"提柜日兜底逻辑 - 日期同步调整验证.md","5411","D:\Gihub\logix\docs\_archive_temp\Phase3","2026/3/26 14:02:57"
"提柜日时区问题修复 - 本地日期字符串.md","6538","D:\Gihub\logix\docs\_archive_temp\Phase3","2026/3/26 14:02:57"
"外部堆场堆存费-使用逻辑澄清.md","10776","D:\Gihub\logix\docs\_archive_temp\Phase3","2026/3/26 8:49:02"
"文档更新报告 - 组件复用与排产流程.md","7595","D:\Gihub\logix\docs\_archive_temp\Phase3","2026/3/28 8:44:51"
"修复-port_operations-NOT_NULL约束问题.md","5405","D:\Gihub\logix\docs\_archive_temp\Phase3","2026/3/25 16:52:06"
"修复报告-外部堆场堆存费计算逻辑.md","8830","D:\Gihub\logix\docs\_archive_temp\Phase3","2026/3/26 8:50:08"
"移除-ATA-自动填充逻辑.md","5463","D:\Gihub\logix\docs\_archive_temp\Phase3","2026/3/25 16:52:06"
"预览排产到正式排产流程实现度分析报告.md","11467","D:\Gihub\logix\docs\_archive_temp\Phase3","2026/3/29 10:15:23"
"预览排产界面费用项前端显示 - 分析与优化建议.md","33824","D:\Gihub\logix\docs\_archive_temp\Phase3","2026/3/26 10:21:59"
"预览排产流程架构优化方案（选项 B）.md","23002","D:\Gihub\logix\docs\_archive_temp\Phase3","2026/3/29 10:15:23"
"预览排产流程优化 - 方案评审结论.md","23031","D:\Gihub\logix\docs\_archive_temp\Phase3","2026/3/29 10:15:23"
"预览排产流程优化 - 实施完成报告.md","17653","D:\Gihub\logix\docs\_archive_temp\Phase3","2026/3/29 10:15:23"
"预览排产与智能成本优化全流程指南.md","29731","D:\Gihub\logix\docs\_archive_temp\Phase3","2026/3/28 8:44:51"
"智能成本优化 - 调用滞港费计算逻辑分析.md","31913","D:\Gihub\logix\docs\_archive_temp\Phase3","2026/3/26 19:24:42"
"智能成本优化 - 前端集成方案.md","13082","D:\Gihub\logix\docs\_archive_temp\Phase3","2026/3/26 19:24:45"
"智能成本优化 - 完整数据分析.md","16845","D:\Gihub\logix\docs\_archive_temp\Phase3","2026/3/26 19:24:42"
"智能成本优化 - 下一阶段实施完成报告.md","14400","D:\Gihub\logix\docs\_archive_temp\Phase3","2026/3/26 19:24:42"
"智能排产功能 - 现状分析与优化建议.md","24919","D:\Gihub\logix\docs\_archive_temp\Phase3","2026/3/26 10:21:59"
"智能排产系统 - 具体决策方式深度分析.md","14490","D:\Gihub\logix\docs\_archive_temp\Phase3","2026/3/26 15:12:00"
"智能排柜 - 需求总结与代码实现分析.md","34908","D:\Gihub\logix\docs\_archive_temp\Phase3","2026/3/28 8:44:51"
"智能排柜成本计算统一方案.md","27741","D:\Gihub\logix\docs\_archive_temp\Phase3","2026/3/25 19:52:42"
"智能排柜系统实现总结.md","55764","D:\Gihub\logix\docs\_archive_temp\Phase3","2026/3/25 19:08:08"
"智能排柜系统完整文档.md","12753","D:\Gihub\logix\docs\_archive_temp\Phase3","2026/3/24 17:34:40"
"智能日历能力组件 - 集成报告.md","9555","D:\Gihub\logix\docs\_archive_temp\Phase3","2026/3/20 17:37:09"
"智能日历能力组件 - 开发完成报告.md","14902","D:\Gihub\logix\docs\_archive_temp\Phase3","2026/3/20 17:37:09"
"智能日历能力组件 - 快速集成指南.md","9331","D:\Gihub\logix\docs\_archive_temp\Phase3","2026/3/20 17:37:09"
"智能预警系统完整文档.md","22304","D:\Gihub\logix\docs\_archive_temp\Phase3","2026/3/24 17:34:42"
"滞港费计算逻辑深度分析.md","36502","D:\Gihub\logix\docs\_archive_temp\Phase3","2026/3/26 19:24:45"
"重命名快速参考卡.md","4651","D:\Gihub\logix\docs\_archive_temp\Phase3","2026/3/26 19:24:42"
"Bug 修复 - API 路径重复导致 404.md","10689","D:\Gihub\logix\docs\_archive_temp\Phase3","2026/3/20 17:37:09"
"Bug 修复 - Element Plus 警告与 API 路径.md","9324","D:\Gihub\logix\docs\_archive_temp\Phase3","2026/3/20 17:37:09"
"Bug 修复 - Excel 导入列名不匹配.md","10206","D:\Gihub\logix\docs\_archive_temp\Phase3","2026/3/20 17:37:09"
"Bug 修复 - Excel 导入文件处理错误.md","10560","D:\Gihub\logix\docs\_archive_temp\Phase3","2026/3/20 17:37:09"
"Bug 修复 - FullCalendar 初始化错误.md","11075","D:\Gihub\logix\docs\_archive_temp\Phase3","2026/3/20 17:37:09"
"Bug 修复 - FullCalendar Vue3 导入错误（最终版）.md","11907","D:\Gihub\logix\docs\_archive_temp\Phase3","2026/3/20 17:37:09"
"Bug 修复 - ManualCapacitySetting.md","7926","D:\Gihub\logix\docs\_archive_temp\Phase3","2026/3/20 17:37:09"
"dict_scheduling_config 配置参数完整说明.md","13094","D:\Gihub\logix\docs\_archive_temp\Phase3","2026/3/26 11:20:56"
"Drop off 模式场景详解-提送卸关系.md","12219","D:\Gihub\logix\docs\_archive_temp\Phase3","2026/3/26 8:43:42"
"Drop off 模式运输费倍数逻辑优化.md","8969","D:\Gihub\logix\docs\_archive_temp\Phase3","2026/3/26 11:20:56"
"Drop off 模式运输费倍数配置变更说明.md","5523","D:\Gihub\logix\docs\_archive_temp\Phase3","2026/3/26 11:20:56"
"Drop off 模式运输费倍数配置化修复.md","6238","D:\Gihub\logix\docs\_archive_temp\Phase3","2026/3/26 10:33:03"
"ETA 顺延配置 - 快速参考卡.md","3969","D:\Gihub\logix\docs\_archive_temp\Phase3","2026/3/26 13:06:47"
"ETA 顺延输入框 - 前端实现.md","6371","D:\Gihub\logix\docs\_archive_temp\Phase3","2026/3/26 13:06:47"
"ETA 顺延天数设计变更.md","6018","D:\Gihub\logix\docs\_archive_temp\Phase3","2026/3/26 13:06:47"
"intelligentScheduling.service.ts - 重构分析报告.md","11737","D:\Gihub\logix\docs\_archive_temp\Phase3","2026/3/26 16:22:50"
"Invalid Date 错误修复 - 日期计算健壮性增强.md","8449","D:\Gihub\logix\docs\_archive_temp\Phase3","2026/3/26 14:02:57"
"Invalid Date 错误终极解决方案.md","11076","D:\Gihub\logix\docs\_archive_temp\Phase3","2026/3/26 14:02:57"
"LRD 计算与写回策略 - 修复报告.md","11556","D:\Gihub\logix\docs\_archive_temp\Phase3","2026/3/26 9:35:46"
"LRD 计算与写回策略完整设计.md","20853","D:\Gihub\logix\docs\_archive_temp\Phase3","2026/3/26 9:26:37"
"Phase2 集成测试执行报告.md","10160","D:\Gihub\logix\docs\_archive_temp\Phase3","2026/3/26 8:36:03"
"Phase2 集成测试指南.md","10019","D:\Gihub\logix\docs\_archive_temp\Phase3","2026/3/26 8:23:11"
"Phase3 文档整理完成报告.md","14177","D:\Gihub\logix\docs\_archive_temp\Phase3","2026/3/24 17:34:52"
"README-任务 3.5.md","9093","D:\Gihub\logix\docs\_archive_temp\Phase3","2026/3/20 17:37:08"
"README-文档索引-重构版.md","12268","D:\Gihub\logix\docs\_archive_temp\Phase3","2026/3/24 17:34:51"
"README-文档索引.md","12745","D:\Gihub\logix\docs\_archive_temp\Phase3","2026/3/24 17:34:46"
"README.md","3523","D:\Gihub\logix\docs\_archive_temp\Phase3","2026/3/24 17:34:53"
"飞驼状态码与核心字段映射完整文档.md","11299","D:\Gihub\logix\docs\_archive_temp\Phase3\_archive_temp","2026/3/23 11:18:43"
"货柜 Excel 导入修复总结.md","6751","D:\Gihub\logix\docs\_archive_temp\Phase3\_archive_temp","2026/3/23 11:18:43"
"任务 3.5-部署检查清单.md","7036","D:\Gihub\logix\docs\_archive_temp\Phase3\_archive_temp","2026/3/20 17:37:08"
"任务 3.5-快速参考.md","5147","D:\Gihub\logix\docs\_archive_temp\Phase3\_archive_temp","2026/3/20 17:37:08"
"任务 3.5-前端 UI 开发方案建议.md","24126","D:\Gihub\logix\docs\_archive_temp\Phase3\_archive_temp","2026/3/20 17:37:08"
"任务 3.5-完成确认函.md","7813","D:\Gihub\logix\docs\_archive_temp\Phase3\_archive_temp","2026/3/20 17:37:08"
"任务 3.5-最终总结.md","9673","D:\Gihub\logix\docs\_archive_temp\Phase3\_archive_temp","2026/3/20 17:37:08"
"任务 3.5-Phase1-实施方案.md","17217","D:\Gihub\logix\docs\_archive_temp\Phase3\_archive_temp","2026/3/20 17:37:08"
"任务 3.5-Phase1-完成报告.md","10650","D:\Gihub\logix\docs\_archive_temp\Phase3\_archive_temp","2026/3/20 17:37:08"
"任务 3.5-Phase2-映射关系增强.md","14536","D:\Gihub\logix\docs\_archive_temp\Phase3\_archive_temp","2026/3/20 17:37:08"
"任务 3.5-Phase2-执行指南.md","8760","D:\Gihub\logix\docs\_archive_temp\Phase3\_archive_temp","2026/3/20 17:37:08"
"任务 3.5-Phase3-日历化能力配置.md","14591","D:\Gihub\logix\docs\_archive_temp\Phase3\_archive_temp","2026/3/20 17:37:08"
"任务 3.5-Phase3-完成总结.md","7311","D:\Gihub\logix\docs\_archive_temp\Phase3\_archive_temp","2026/3/20 17:37:08"
"任务 3.5-Phase3-执行指南.md","12784","D:\Gihub\logix\docs\_archive_temp\Phase3\_archive_temp","2026/3/20 17:37:08"
"映射表前端导入检查报告.md","11334","D:\Gihub\logix\docs\_archive_temp\Phase3\_archive_temp","2026/3/20 17:37:09"
"智能排柜 - 开发进度与下一步计划.md","21109","D:\Gihub\logix\docs\_archive_temp\Phase3\_archive_temp","2026/3/20 17:37:08"
"智能日历能力组件使用说明.md","11453","D:\Gihub\logix\docs\_archive_temp\Phase3\_archive_temp","2026/3/20 17:37:09"
"gantt-derived-implementation.md","2642","D:\Gihub\logix\docs\_archive_temp\Phase3\_archive_temp","2026/3/22 21:57:02"
"SQL 迁移兼容性修复说明.md","9786","D:\Gihub\logix\docs\_archive_temp\Phase3\_archive_temp","2026/3/20 17:37:08"
"UI 集成 - 测试 - 部署详细计划.md","25992","D:\Gihub\logix\docs\_archive_temp\Phase3\_archive_temp","2026/3/20 17:37:08"
"第一阶段项目开发总结完整清单.md","37600","D:\Gihub\logix\docs\_archive_temp\Phase3\第一阶段总结","2026/3/23 13:21:09"
"00-项目行动指南.md","16945","D:\Gihub\logix\docs\_archive_temp\project-old","2026/3/23 8:10:07"
"01-项目状态与计划.md","10985","D:\Gihub\logix\docs\_archive_temp\project-old","2026/3/8 15:54:15"
"02-文档索引.md","18932","D:\Gihub\logix\docs\_archive_temp\project-old","2026/3/19 18:23:11"
"03-项目README.md","3870","D:\Gihub\logix\docs\_archive_temp\project-old","2026/3/8 15:54:15"
"04-五节点调度与可视化方案.md","46641","D:\Gihub\logix\docs\_archive_temp\project-old","2026/3/8 15:54:15"
"05-智能排柜与计划调度实现方案.md","12850","D:\Gihub\logix\docs\_archive_temp\project-old","2026/3/23 8:10:07"
"06-智能排柜算法方案.md","10114","D:\Gihub\logix\docs\_archive_temp\project-old","2026/3/8 15:54:15"
"07-甘特图调度与货柜资源关联机制.md","21857","D:\Gihub\logix\docs\_archive_temp\project-old","2026/3/8 15:54:15"
"08-logistics-path-system评估与协同方案.md","7246","D:\Gihub\logix\docs\_archive_temp\project-old","2026/3/8 15:54:15"
"09-飞驼节点状态码解读与接入整合方案.md","34571","D:\Gihub\logix\docs\_archive_temp\project-old","2026/3/23 8:10:07"
"10-飞驼数据Excel导入打通指南.md","10841","D:\Gihub\logix\docs\_archive_temp\project-old","2026/3/10 9:49:51"
"10-智能排柜与五节点调度最终开发方案.md","16542","D:\Gihub\logix\docs\_archive_temp\project-old","2026/3/23 8:10:07"
"11-排柜实现情况与问题解读.md","8951","D:\Gihub\logix\docs\_archive_temp\project-old","2026/3/23 8:10:07"
"11-logistics-path与飞驼API集成实施计划.md","11079","D:\Gihub\logix\docs\_archive_temp\project-old","2026/3/10 9:54:44"
"12-飞驼数据接入方式解读.md","7141","D:\Gihub\logix\docs\_archive_temp\project-old","2026/3/10 10:11:27"
"12-国家概念统一约定.md","6148","D:\Gihub\logix\docs\_archive_temp\project-old","2026/3/23 8:10:07"
"13-飞驼导出字段与LogiX映射表.md","16250","D:\Gihub\logix\docs\_archive_temp\project-old","2026/3/23 8:10:07"
"13-销往国家到排柜资源关联逻辑.md","8107","D:\Gihub\logix\docs\_archive_temp\project-old","2026/3/23 8:10:07"
"14-logistics-path-system集成指南.md","7660","D:\Gihub\logix\docs\_archive_temp\project-old","2026/3/10 13:20:45"
"14-MRSU3454770智能排柜参数与流程.md","4084","D:\Gihub\logix\docs\_archive_temp\project-old","2026/3/23 8:10:07"
"15-飞驼数据对接说明与验证.md","6007","D:\Gihub\logix\docs\_archive_temp\project-old","2026/3/10 14:16:14"
"15-排柜数据补全与缺省方案.md","5878","D:\Gihub\logix\docs\_archive_temp\project-old","2026/3/23 8:10:07"
"16-一键排产功能与问题排查.md","7800","D:\Gihub\logix\docs\_archive_temp\project-old","2026/3/23 8:10:07"
"17-智能排产页面问题与优化.md","5091","D:\Gihub\logix\docs\_archive_temp\project-old","2026/3/23 8:10:07"
"18-AI协作开发方法论与问题复盘.md","10310","D:\Gihub\logix\docs\_archive_temp\project-old","2026/3/23 8:10:07"
"19-甘特图资源动态展示方案.md","8768","D:\Gihub\logix\docs\_archive_temp\project-old","2026/3/15 16:03:25"
"19-AI集成方案与实施路线图.md","11522","D:\Gihub\logix\docs\_archive_temp\project-old","2026/3/23 8:10:07"
"20-AI智能排柜集成方案.md","7061","D:\Gihub\logix\docs\_archive_temp\project-old","2026/3/23 8:10:07"
"21-AI赋能清单.md","7596","D:\Gihub\logix\docs\_archive_temp\project-old","2026/3/19 18:23:11"
"开发进度记录.md","10269","D:\Gihub\logix\docs\_archive_temp\project-old","2026/3/11 18:57:42"
"ABOUT_PAGE_CONTENT.md","4724","D:\Gihub\logix\docs\_archive_temp\project-old","2026/3/11 11:24:48"
"ARCHIVED_FEITUO_DOCS.md","7794","D:\Gihub\logix\docs\_archive_temp\project-old","2026/3/16 11:41:20"
"LogiX项目全面解读.md","19624","D:\Gihub\logix\docs\_archive_temp\project-old","2026/3/12 13:56:03"
"intelligent-scheduling-optimization.md","7020","D:\Gihub\logix\docs\_archive_temp\proposals","2026/3/17 13:13:34"
"DEVELOPMENT_DEBT.md","5338","D:\Gihub\logix\docs\_archive_temp\quality","2026/3/26 17:32:10"
"ContainerQueryBuilder-重构方案.md","8599","D:\Gihub\logix\docs\_archive_temp\technical","2026/3/16 10:06:46"
"TESTING_STRATEGY.md","1767","D:\Gihub\logix\docs\_archive_temp\testing","2026/3/26 17:32:10"
"01-基石理念.md","4790","D:\Gihub\logix\docs\_archive_temp\vision","2026/3/16 10:51:32"
"02-智慧物流全景.md","3730","D:\Gihub\logix\docs\_archive_temp\vision","2026/3/16 10:51:51"
"03-演进蓝图.md","4100","D:\Gihub\logix\docs\_archive_temp\vision","2026/3/16 10:52:09"
"04-未来可能.md","3741","D:\Gihub\logix\docs\_archive_temp\vision","2026/3/16 10:52:31"
"README.md","2076","D:\Gihub\logix\docs\_archive_temp\vision","2026/3/16 10:51:05"
"01-项目愿景与战略定位.md","9959","D:\Gihub\logix\docs\_archive_temp\第一阶段总结","2026/3/24 17:35:26"
"02-项目结构与布局.md","13561","D:\Gihub\logix\docs\_archive_temp\第一阶段总结","2026/3/24 17:35:27"
"03-技术选型与架构决策.md","8436","D:\Gihub\logix\docs\_archive_temp\第一阶段总结","2026/3/24 17:35:30"
"04-业务基础知识体系.md","8976","D:\Gihub\logix\docs\_archive_temp\第一阶段总结","2026/3/24 17:35:30"
"06-技术与开发规范.md","6948","D:\Gihub\logix\docs\_archive_temp\第一阶段总结","2026/3/24 17:35:31"
"07-SKILL体系与AI集成.md","5165","D:\Gihub\logix\docs\_archive_temp\第一阶段总结","2026/3/24 17:35:33"
"08-代码中隐藏的知识点.md","4603","D:\Gihub\logix\docs\_archive_temp\第一阶段总结","2026/3/24 17:35:34"
"09-开发进度与里程碑.md","2648","D:\Gihub\logix\docs\_archive_temp\第一阶段总结","2026/3/24 17:35:35"
"10-优劣势分析与改进方向.md","3711","D:\Gihub\logix\docs\_archive_temp\第一阶段总结","2026/3/24 17:35:37"
"README.md","8568","D:\Gihub\logix\docs\_archive_temp\第一阶段总结","2026/3/24 17:35:24"
"01-飞驼系统集成.md","24521","D:\Gihub\logix\docs\_archive_temp\第一阶段总结\05-专属领域知识","2026/3/23 13:41:20"
"02-智能排柜系统.md","18576","D:\Gihub\logix\docs\_archive_temp\第一阶段总结\05-专属领域知识","2026/3/23 14:36:56"
"03-甘特图可视化.md","19264","D:\Gihub\logix\docs\_archive_temp\第一阶段总结\05-专属领域知识","2026/3/23 13:44:14"
"04-智能预警系统.md","13584","D:\Gihub\logix\docs\_archive_temp\第一阶段总结\05-专属领域知识","2026/3/23 13:45:20"
"05-滞港费计算.md","15187","D:\Gihub\logix\docs\_archive_temp\第一阶段总结\05-专属领域知识","2026/3/23 13:46:40"
"06-物流状态机.md","16001","D:\Gihub\logix\docs\_archive_temp\第一阶段总结\05-专属领域知识","2026/3/23 13:47:50"
"README.md","861","D:\Gihub\logix\docs\_archive_temp\第一阶段总结\05-专属领域知识","2026/3/23 13:48:10"
"A-常用SQL查询集合.md","5129","D:\Gihub\logix\docs\_archive_temp\第一阶段总结\附录","2026/3/24 17:35:38"
"B-API端点速查表.md","9638","D:\Gihub\logix\docs\_archive_temp\第一阶段总结\附录","2026/3/23 14:38:37"
"C-错误代码大全.md","7110","D:\Gihub\logix\docs\_archive_temp\第一阶段总结\附录","2026/3/23 14:39:29"
"D-常见问题FAQ.md","5902","D:\Gihub\logix\docs\_archive_temp\第一阶段总结\附录","2026/3/23 14:40:05"
